"tool_name","domain"
"Durable","https://www.insidr.ai/aff/durable"
"Jasper.ai","https://www.insidr.ai/aff/jasper"
"Nando.ai","https://www.insidr.ai/aff/nando"
"SinCode","https://www.insidr.ai/aff/sincode"
"GetGenie AI","https://www.insidr.ai/aff/getgenie"
"Semrush","https://www.insidr.ai/aff/semrush"
"Copy.ai","https://www.insidr.ai/aff/copyai"
"Cosmos AI","https://www.insidr.ai/aff/cosmos"
"SurferSEO","https://www.insidr.ai/aff/surfer"
"Marketing Blocks AI","https://www.insidr.ai/aff/marketingblocks"
"Contlo","https://www.insidr.ai/aff/contlo"
"Flowpoint.ai","https://www.insidr.ai/aff/flowpoint"
"Link Whisper","https://www.insidr.ai/aff/link-whisper"
"Bramework","https://www.insidr.ai/aff/bramework"
"Rankmath","https://www.insidr.ai/aff/rankmath"
"Squirrly SEO","https://www.insidr.ai/aff/squirrly-seo"
"Notion AI","https://www.insidr.ai/aff/notion"
"Taskade","https://www.insidr.ai/aff/taskade"
"Vwo","https://www.insidr.ai/aff/vwo"
"Morise.ai","https://www.insidr.ai/aff/moris"
"KWFinder","https://www.insidr.ai/aff/kwfinder"
"Mangools","https://www.insidr.ai/aff/mangools"
"RankRanger","https://www.insidr.ai/aff/rankranger"
"DEEPBRAIN (AI Studios)","https://www.insidr.ai/aff/deepbrain"
"ProRank Tracker","https://www.insidr.ai/aff/prorank-tracker"
"SerpStat","https://www.insidr.ai/aff/serpstat"
"SEObility","https://www.insidr.ai/aff/seobility"
"Zutrix","https://www.insidr.ai/aff/zutrix"
"LongTailPro","https://www.insidr.ai/aff/longtailpro"
"Automatic Backlinks","https://www.insidr.ai/aff/automaticbacklinks"
"SEO PowerSuite Professional - Yearly","https://www.insidr.ai/aff/seopowersuite"
"SE Ranking","https://www.insidr.ai/aff/seranking"
"Crorkwheel","https://www.insidr.ai/aff/crork"
"INK For All","https://www.insidr.ai/aff/inkforall"
"Twinword Ideas","https://www.insidr.ai/aff/twinword"
"SEO GPT","https://www.insidr.ai/aff/seogpt"
"Alli AI","https://www.insidr.ai/aff/alliai"
"Jaaxy","https://www.insidr.ai/aff/jaaxy"
"Nightwatch","https://www.insidr.ai/aff/nightwatch"
"Rank Tracker","https://store.payproglobal.com/checkout?products%5B1%5D%5Bid%5D=69836&products%5B1%5D%5Bagreement-id%5D=10963"
"Morning Score","https://www.insidr.ai/aff/morningscore"
"Rank IQ","https://www.insidr.ai/aff/rankiq"
"Keyword Research Tool Dominator","https://www.insidr.ai/aff/keywordtooldominator"
"Clicky.com","https://www.insidr.ai/aff/clicky"
"Netpeak Software","https://www.insidr.ai/aff/netpeaksoftware"
"Netpeak Spider","https://www.insidr.ai/aff/netpeakspider"
"Netpeak Checker","https://www.insidr.ai/aff/netpeakchecker"
"Keyword Atlas","https://www.insidr.ai/aff/keywordatlas"
"NitroPack","https://www.insidr.ai/aff/nitropack"
"Ranked AI","https://www.insidr.ai/aff/ranked"
"Shine Ranker","https://www.insidr.ai/aff/shine-ranker"
"Web 2.0 Ranker","https://www.insidr.ai/aff/web2ranker"
"Crowdo","https://www.insidr.ai/aff/crowdy"
"Money Robot","https://www.insidr.ai/aff/moneyrobot"
"Ranked AI","https://www.insidr.ai/aff/ranked"
"Advanced Web Ranking Starter","https://www.insidr.ai/aff/advancedwebranking"
"CTRify","https://www.insidr.ai/aff/crtify"
"Kafkai","https://www.insidr.ai/aff/kafkai"
"Spinrewriter","https://www.insidr.ai/aff/spinewriter"
"LongShot","https://www.insidr.ai/aff/longshot"
"Typli","https://www.insidr.ai/aff/typli"
"content polish","https://www.insidr.ai/aff/contentpolish"
"growthbar","https://www.insidr.ai/aff/growthbarseo"
"Jasper.ai","https://jasper.ai/?source=partner&fpr=insidrai"
"Surfer","https://www.insidr.ai/aff/surfer"
"Word AI","https://www.insidr.ai/aff/wordai"
"SinCode","https://www.insidr.ai/aff/sincode"
"INK For All","https://www.insidr.ai/aff/inkforall"
"Outranking IO","https://www.insidr.ai/aff/outrankio"
"Rytr","https://www.insidr.ai/aff/rytr"
"AI Writer","https://www.insidr.ai/aff/aiwriter"
"KafKai","https://www.insidr.ai/aff/kafkai"
"Writesonic","https://www.insidr.ai/aff/writesonic"
"ParagraphA","https://www.insidr.ai/aff/paragraphai"
"Speak AI","https://www.insidr.ai/aff/speakai"
"Texta AI","https://www.insidr.ai/aff/textaai"
"CopyGenius","https://www.insidr.ai/aff/copygenius"
"Linguix","https://www.insidr.ai/aff/linguix"
"GrowthBar","https://www.insidr.ai/aff/growthbarseo"
"Copymatic","https://www.insidr.ai/aff/copymatic"
"Shakespeare AI","https://www.insidr.ai/aff/shakespeare"
"Textcortex AI","https://www.insidr.ai/aff/textcortex"
"Warmbox AI","https://www.insidr.ai/aff/warmbox"
"Contentforge AI","https://www.insidr.ai/aff/contentforge"
"WordHero","https://www.insidr.ai/aff/wordhero"
"CrawlQ AI","https://www.insidr.ai/aff/crawlq"
"Bertha AI","https://www.insidr.ai/aff/bertha"
"GoCharlie","https://www.insidr.ai/aff/gocharlie"
"Anyword","https://www.insidr.ai/aff/anyword"
"Content at Scale","https://www.insidr.ai/aff/contentatscale"
"Epagestore","https://www.insidr.ai/aff/epagestore"
"Speak AI","https://www.insidr.ai/aff/speakai"
"Rythmex","https://www.insidr.ai/aff/rythmex"
"Hypotenuse ai","https://www.insidr.ai/aff/hypotenuse"
"GoZen","https://www.insidr.ai/aff/gozen"
"Digital First AI","https://www.insidr.ai/aff/digitalfirst"
"Botowski","https://www.insidr.ai/aff/botowski"
"VEG3","https://www.insidr.ai/aff/veg3"
"Easy-Peasy.AI","https://www.insidr.ai/aff/easypeasy"
"Simplified","https://www.insidr.ai/aff/simplified"
"iSavantAI","https://www.insidr.ai/aff/isavant"
"CopyMonkey","https://www.insidr.ai/aff/copymonkey"
"Copysmith","https://www.insidr.ai/aff/copysmith"
"Creator AI","https://www.insidr.ai/aff/creatorai"
"WiziShop","https://www.insidr.ai/aff/wizishop"
"SmartScribe","https://www.insidr.ai/aff/smartscribe"
"Sudowrite","https://www.insidr.ai/aff/sudowrite"
"Cohesive","https://www.insidr.ai/aff/cohesive"
"Otter AI","https://www.insidr.ai/aff/otterai"
"Rowshare","https://www.insidr.ai/aff/rowshare"
"guidde","https://www.insidr.ai/aff/guidde"
"Humata","https://www.insidr.ai/aff/humata"
"Vowel","https://www.vowel.com/lp/insidr-and-vowel"
"Osher AI","https://www.insidr.ai/aff/osher"
"Rephrasely","https://www.insidr.ai/aff/paraphrasetool"
"Paraphraser","https://www.insidr.ai/aff/paraphrasetool"
"Originality.ai","https://www.insidr.ai/aff/originality"
"Moonbeam","https://www.insidr.ai/aff/moonbeam"
"Quillbot","https://www.insidr.ai/aff/quillbot"
"Talkio","https://www.insidr.ai/aff/quillbot"
"SMMAcademy","https://www.insidr.ai/aff/smmacademy"
"IMG Courses","https://www.insidr.ai/aff/imgcourses"
"PromptBox","https://www.insidr.ai/aff/promptbox"
"Flatlogic","https://www.insidr.ai/aff/flatlogic"
"Tinq.ai","https://www.insidr.ai/aff/tinq"
"Parsio","https://www.insidr.ai/aff/parsio"
"10Web","https://www.insidr.ai/aff/10web"
"codedesign","https://www.insidr.ai/aff/codedesign"
"Phantom Buster","https://www.insidr.ai/aff/phantombuster"
"Go High Level","https://www.insidr.ai/aff/gohighlevel"
"make.com","https://www.insidr.ai/aff/make"
"Snov.io","https://www.insidr.ai/aff/snovio"
"InstaChamp - Mobile Monkey","https://www.insidr.ai/aff/instachamp"
"Postaga","https://www.insidr.ai/aff/postaga"
"ActiveCampaign","https://www.insidr.ai/aff/activecampaign"
"Botnation","https://www.insidr.ai/aff/botnation"
"Elastic Mail","https://www.insidr.ai/aff/elasticmail"
"Neural news","https://www.insidr.ai/aff/neuralnewsletter"
"TinyEinstein","https://www.insidr.ai/aff/tinyeinstein"
"Nureply","https://www.insidr.ai/aff/Nureply"
"Opnbx","https://www.insidr.ai/aff/openbx"
"Final Scout","https://www.insidr.ai/aff/finalscout"
"Zopto","https://www.insidr.ai/aff/zopto"
"Dux-Soup","https://www.insidr.ai/aff/dux-soup"
"Klenty","https://www.insidr.ai/aff/klenty"
"Mailrush","https://www.insidr.ai/aff/mailrush"
"Stripo Email","https://www.insidr.ai/aff/stripo"
"Hoppycopy","https://www.insidr.ai/aff/hoppycopy"
"LambdaTest","https://www.insidr.ai/aff/lambda"
"Saleshandy","https://www.insidr.ai/aff/saleshandy"
"Alfred","https://www.insidr.ai/aff/meetalfred"
"Taplio","https://www.insidr.ai/aff/taplio"
"Salesflow","https://www.insidr.ai/aff/salesflow"
"AWeber","https://www.insidr.ai/aff/aweber"
"OctopusCRM","https://www.insidr.ai/aff/octopus"
"Branchbob","https://www.insidr.ai/aff/branchbob"
"Browse AI","https://www.insidr.ai/aff/browseai"
"Tradeideas","https://www.insidr.ai/aff/tradeideas"
"Signalstack","https://www.insidr.ai/aff/signalstack"
"Tickeron","https://www.insidr.ai/aff/tickeron"
"Trendspider","https://www.insidr.ai/aff/trendspider"
"Coinrule","https://www.insidr.ai/aff/coinrule"
"Pionex","https://www.insidr.ai/aff/piones"
"Cryptohopper","https://www.insidr.ai/aff/Cryptohopper"
"bisgap","https://www.insidr.ai/aff/bisgap"
"tradesanta","https://www.insidr.ai/aff/tradesanta"
"Cryptohero","https://www.insidr.ai/aff/Cryptohero"
"Haasonline","https://www.insidr.ai/aff/Haasonline"
"Gunbot","https://www.insidr.ai/aff/Gunbot"
"Hiver","https://www.insidr.ai/aff/hiver"
"Wonderchat","https://www.insidr.ai/aff/wonderchat"
"HiverLetsAskAI","https://www.insidr.ai/aff/letsaskai"
"Simplephones","https://www.insidr.ai/aff/simplephones"
"Luna","https://www.insidr.ai/aff/luna"
"Tugan","https://www.insidr.ai/aff/tugan"
"Convolo","https://www.insidr.ai/aff/convolo"
"Smartwriter","https://www.insidr.ai/aff/smartwriter"
"Orimon","https://www.insidr.ai/aff/orimon"
"Sheet AI","https://www.insidr.ai/aff/sheetai"
"AskAI","https://www.insidr.ai/aff/askai"
"tl;dv","https://www.insidr.ai/aff/tldv"
"Airgram","https://www.insidr.ai/aff/airgram"
"Ideabuddy","https://www.insidr.ai/aff/ideabuddy"
"dimeadozen","https://www.insidr.ai/aff/dimeadozen"
"Jasper.ai","https://www.insidr.ai/aff/jasper"
"Pictory","https://www.insidr.ai/aff/pictory"
"Synthesia","https://www.insidr.ai/aff/synthesia"
"Short Pixel","https://www.insidr.ai/aff/shortpixel"
"Looka","https://www.insidr.ai/aff/looka"
"Kreatable","https://www.insidr.ai/aff/kreateable"
"Mokker AI","https://www.insidr.ai/aff/mokker"
"LogoAI","https://www.insidr.ai/aff/logoai"
"Canva","https://www.insidr.ai/aff/canva"
"Magic Studio","https://www.insidr.ai/aff/magicstudio"
"InVideo","https://www.insidr.ai/aff/invideo"
"Specterr","https://www.insidr.ai/aff/specterr"
"Flexclip","https://www.insidr.ai/aff/flexclip"
"Bannerbear","https://www.insidr.ai/aff/bannerbear"
"AI Art Shop","https://www.insidr.ai/aff/aiartshop"
"GoCharlie","https://www.insidr.ai/aff/gocharlie"
"Profile Picture AI","https://www.insidr.ai/aff/profilepicture"
"HairstyleAI","https://www.insidr.ai/aff/hairstyleai"
"Supermeme.ai","https://www.insidr.ai/aff/supermeme"
"Palette.fm","https://www.insidr.ai/aff/palette"
"Getimg.ai","https://www.insidr.ai/aff/getimg"
"PhotoAI","https://www.insidr.ai/aff/photoai"
"Emergent Drums","https://www.insidr.ai/aff/audialab"
"Mubert","https://www.insidr.ai/aff/mubert"
"Castmagic","https://www.insidr.ai/aff/castmagic"
"BHuman","https://www.insidr.ai/aff/bhuman"
"Eilla AI","https://www.insidr.ai/aff/eilla"
"Play.ht","https://www.insidr.ai/aff/playht"
"Descript","https://www.insidr.ai/aff/descript"
"Listnr","https://www.insidr.ai/aff/listnr"
"Munch","https://www.insidr.ai/aff/getmunch"
"Fliki","https://www.insidr.ai/aff/fliki"
"Colossyan","https://www.insidr.ai/aff/colossyan"
"VidIQ","https://www.insidr.ai/aff/vidiq"
"Movio","https://www.insidr.ai/aff/movio"
"Submagic","https://www.insidr.ai/aff/submagic"
"Repliq","https://www.insidr.ai/aff/repliq"
"Adcreative.ai","https://www.insidr.ai/aff/adcreative"
"Jasper.ai","https://www.insidr.ai/aff/jasper"
"Manychat","https://www.insidr.ai/aff/manychat"
"Predis.ai","https://www.insidr.ai/aff/predis"
"Repurpose.io","https://www.insidr.ai/aff/repurpose"
"Followr.ai","https://www.insidr.ai/aff/followr"
"ddevi","https://www.insidr.ai/aff/ddevi"
"InVideo","https://www.insidr.ai/aff/invideo"
"Shuffl","https://www.insidr.ai/aff/Shuffl"
"neural frames","https://www.insidr.ai/aff/neuralframes"
"KENJI","https://www.insidr.ai/aff/kenji"
"Nitreo","https://www.insidr.ai/aff/nitreo"
"FlockSocial","https://www.insidr.ai/aff/flocksocial"
"GetAFollower","https://www.insidr.ai/aff/getafollower"
"Media Mister","https://www.insidr.ai/aff/mediamister"
"Content Studio","https://www.insidr.ai/aff/contentstudio"
"SubPals","https://www.insidr.ai/aff/subpals"
"Stormviews","https://www.insidr.ai/aff/stormviews"
"Sonuker","https://www.insidr.ai/aff/sonuker"
"CaffeinatedCX","https://www.insidr.ai/aff/caffeinated"
"Podcastle","https://www.insidr.ai/aff/podcastle"
"WellSaidLabs","https://www.insidr.ai/aff/wellsaidlabs"
"Ocoya","https://www.insidr.ai/aff/ocoya"
"CrawlQ.ai","https://www.insidr.ai/aff/crawlq"
"SamCart","https://www.insidr.ai/aff/samcart"
"Systeme.io","https://www.insidr.ai/aff/systemeio"
"ClickFunnels","https://www.insidr.ai/aff/clickfunnels"
"Shopify","https://www.insidr.ai/aff/shopify"
"Siteground","https://www.insidr.ai/aff/siteground"
"Web Node","https://www.insidr.ai/aff/webnode"
"Strikingly","https://www.insidr.ai/aff/strikingly"
"Hello Bar","https://www.insidr.ai/aff/hellobar"
"Pagegenie","https://www.insidr.ai/aff/Pagegenie"
"Convertri","https://www.insidr.ai/aff/convertri"
"HawkHost","https://www.insidr.ai/aff/hawkhost"
"LightningBase","https://www.insidr.ai/aff/lightningbase"
"HostMetro","https://www.insidr.ai/aff/hostmetro"
"PureLander","https://www.insidr.ai/aff/purelander"
"phonesites.com","https://www.insidr.ai/aff/phonesites"
"Ucraft","https://www.insidr.ai/aff/ucraft"
"Elementor","https://www.insidr.ai/aff/elementor"
"Duda","https://www.insidr.ai/aff/duda"